<?xml version="1.0" encoding="UTF-8" standalone="true"?>

-<app version="1">

<name>WiiSdReader</name>

<coder>RetroW, Queezyned</coder>

<version>1.0</version>

<release_date>2019500</release_date>

<short_description>Wii games on sd card here!</short_description>

<long_description>WiiSdReader by Retrow and Queezyed! enjoy this Wii sd card manager! IMPORTANT: HAVE BOOT2 OR PRIILOADER INSTALLED TO AVOID A BRICK!!! ITS YOUR FAULT IF YOUR SYSTEM GETS BRICKED! Enjoy! more apps MIGHT come soon. Directions:install saved wads to the sd card. Thanks to vIpEr7 for the xml file .</long_description>

</app>